model,accuracy,precision,churn_recall,predicted_churn_count,tn,fp,fn,tp
baseline,0.8312611012433393,0.0,0.0,0,936,0,190,0
logistic_regression,0.8028419182948491,0.45375722543352603,0.8263157894736842,346,747,189,33,157
decision_tree,0.7859680284191829,0.43089430894308944,0.8368421052631579,369,726,210,31,159
random_forest,0.8756660746003553,0.5905797101449275,0.8578947368421053,276,823,113,27,163
